{
    "best_hyperparameters": {
        "kernel": "rbf",
        "C": 10,
        "gamma": 0.001
    },
    "train_accuracy": 0.9807870370370371,
    "test_accuracy": 0.9736111111111111,
    "feature_dim": 72,
    "num_train_samples": 8640,
    "num_test_samples": 2160
}